Designator,Footprint,Quantity,Value,LCSC Part #
"C1, C2, C4, C5",0603,4,100nf,C343025
"D1, D3",0805,2,LED,C264416
"Q1, Q2, Q3",SOT-23,3,BSS138,
R1,0603,1,20K 0.1%,
R10,0603,1,100k,C15458
"R11, R12",0603,2,4.7K,C2784998 
R13,0603,1,10K 0.1%,C413738
"R14, R20",0603,2,1K,C2774267
"R17, R19",2512,2,0.22,C49655446
"R2, R3, R4, R5, R6, R7",0603,6,10K,C15401
"TP1, TP2, TP3, TP4, TP5, TP6",TestPoint_Pad_3.0x3.0mm,6,TestPoint_Flag,
"U2, U4",DGQ10_2P18X1P72,2,DRV8830DGQR,C127591
"U7, U8",TO-92Flat,2,DRV5033AJxLPG,C201608
