Designator,Mid X,Mid Y,Rotation,Layer
C1,171.115,-91.2,0.0,top
C2,69.315,-91.55,0.0,top
C4,101.57,-120.78,90.0,top
C5,147.4,-122.08,90.0,top
D1,92.1,-118.76,270.0,top
D3,136.73,-117.0,270.0,top
F1,119.199999,-128.51,0.0,bottom
J2,100.265,-53.475,90.0,top
J3,95.30184469929789,-126.94994092508993,211.0,bottom
J4,154.34019175391498,-113.383416544031,305.0,bottom
J5,145.13775417793283,-127.00697998531206,146.5,bottom
J6,130.965,-75.9,270.0,top
Q1,127.57,-84.75,180.0,top
Q2,132.115,-84.75,180.0,top
Q3,136.66,-84.75,180.0,top
R1,87.99,-100.725,0.0,top
R10,83.78,-74.44,0.0,top
R11,69.44,-88.275,0.0,top
R12,171.14,-88.425,0.0,top
R13,87.99,-102.675,180.0,top
R14,90.11,-118.39,270.0,top
R17,100.14,-116.37,0.0,top
R19,142.87,-117.83,0.0,top
R2,127.57,-92.1925,0.0,top
R20,136.83,-120.79,270.0,top
R3,127.57,-89.1125,0.0,top
R4,132.115,-89.1125,0.0,top
R5,136.66,-89.1125,0.0,top
R6,132.115,-92.1925,0.0,top
R7,136.66,-92.1925,0.0,top
SW1,116.43,-119.59,270.0,top
U10,147.039999,-110.209999,0.0,top
U11,93.43,-110.24,180.0,top
U12,112.0346,-68.44,180.0,top
U13,128.4192,-111.93,0.0,top
U14,86.73,-77.2043,90.0,bottom
U2,96.3489,-120.92,180.0,top
U3,87.702,-92.418,180.0,bottom
U4,142.6289,-122.43,180.0,top
U5,120.639895,-50.755073,0.0,top
U6,93.1962,-83.539,90.0,top
U7,175.5,-89.525,270.0,bottom
U8,64.905,-89.925,90.0,bottom
U9,131.42,-63.1863,90.0,top
