"Reference","Qty","Value","DNP","Exclude from BOM","Exclude from Board","Footprint","Datasheet","Shop","LCSC Part #","Price"
"C1,C2","2","100nf","","","","Capacitor_SMD:C_0603_1608Metric_Pad1.08x0.95mm_HandSolder","~","","C343025",""
"C4,C5","2","100nF","","","","Capacitor_SMD:C_0603_1608Metric_Pad1.08x0.95mm_HandSolder","~","","C343025",""
"D1,D3","2","LED","","","","LED_SMD:LED_0805_2012Metric_Pad1.15x1.40mm_HandSolder","~","","C264416",""
"F1","1","0031.8211.G","","Excluded from BOM","","Vertex_Bot:FUSE_0031.8211_SCH","0031.8211.G","digikey.com.au (ref 0031.8201.G)","","$2.53"
"H1,H2,H3,H4,H5,H6,H7,H8,H9,H10,H11,H12,H13,H14,H15,H16,H17,H18","18","MountingHole","","Excluded from BOM","","MountingHole:MountingHole_3.5mm_Pad","~","","",""
"J2","1","I2C Extension","","Excluded from BOM","","Connector_PinHeader_2.54mm:PinHeader_1x04_P2.54mm_Vertical","~","","","$0.48"
"J3","1","Left Motor","","Excluded from BOM","","Connector_JST:JST_PH_S2B-PH-K_1x02_P2.00mm_Horizontal","~","digikey.com.au ","","$1.17"
"J4","1","694106301002","","Excluded from BOM","","Connector_THT_Wurth:J_Wurth_WR-DC_694106301002","https://www.we-online.com/catalog/datasheet/694106301002.pdf?ki","digikey.com.au (ref 694106301002)","","$1.41"
"J5","1","Right Motor","","Excluded from BOM","","Connector_JST:JST_PH_S2B-PH-K_1x02_P2.00mm_Horizontal","~","digikey.com.au (ref S2B-PH-K-S)","","$1.17"
"J6","1","Led Strip","","Excluded from BOM","","Connector_JST:JST_PH_B3B-PH-K_1x03_P2.00mm_Vertical","~","digikey.com.au (ref B3B-PH-K-S)","","$0.23"
"Q1,Q2,Q3","3","BSS138","","","","Package_TO_SOT_SMD:SOT-23","https://www.onsemi.com/pub/Collateral/BSS138-D.PDF","","",""
"R1","1","20K 0.1%","","","","Resistor_SMD:R_0603_1608Metric_Pad0.98x0.95mm_HandSolder","~","","",""
"R2,R3,R4,R5,R6,R7","6","10K","","","","Resistor_SMD:R_0603_1608Metric_Pad0.98x0.95mm_HandSolder","","","C15401",""
"R10","1","100k","","","","Resistor_SMD:R_0603_1608Metric_Pad0.98x0.95mm_HandSolder","","","C15458",""
"R11,R12","2","4.7K","","","","Resistor_SMD:R_0603_1608Metric_Pad0.98x0.95mm_HandSolder","","","C2784998 ",""
"R13","1","10K 0.1%","","","","Resistor_SMD:R_0603_1608Metric_Pad0.98x0.95mm_HandSolder","","","C413738",""
"R14,R20","2","1K","","","","Resistor_SMD:R_0603_1608Metric_Pad0.98x0.95mm_HandSolder","","","C2774267",""
"R17,R19","2","0.22","","","","Resistor_SMD:R_2512_6332Metric_Pad1.40x3.35mm_HandSolder","","","C49655446",""
"SW1","1","SW_SPST","","Excluded from BOM","","Vertex_Bot:L101011MS02Q","https://www.digikey.com/en/products/detail/c-k/L101011MS02Q/484142","L101011MS02Q  (ref L101011MS02Q)","","$6.13"
"TP1,TP2,TP3,TP4,TP5,TP6","6","TestPoint_Flag","","","","TestPoint:TestPoint_Pad_3.0x3.0mm","~","","",""
"U2,U4","2","DRV8830DGQR","","","","Vertex_Bot:DGQ10_2P18X1P72","https://www.ti.com/lit/gpn/drv8830","","C127591",""
"U3","1","S13V30F5","","Excluded from BOM","","Vertex_Bot:S13V30F5_HORIZONTAL","~","Core Electronics","","$30"
"U5","1","INMP441","","Excluded from BOM","","Vertex_Bot:INMP441","","https://www.aliexpress.com/item/1005013251461379.html","","$3"
"U6","1","0.96 INCH OLED","","Excluded from BOM","","Vertex_Bot:OLED_0_96_INCH","",":https://www.aliexpress.com/item/1005006901360788.html (SSD1315)","","$3.85"
"U7,U8","2","DRV5033AJxLPG","","","","Package_TO_SOT_THT:TO-92Flat","https://www.ti.com/lit/ds/symlink/drv5033.pdf","","C201608",""
"U9","1","MPU 6050","","Excluded from BOM","","Vertex_Bot:MPU6050","","https://www.aliexpress.com/item/1005008714169630.html","","$4.29"
"U10","1","MAX4466 (LEFT)","","Excluded from BOM","","Vertex_Bot:MAX4466_HORIZONTAL","","(3 pins) https://www.aliexpress.com/item/1005012568399288.html","","$1.99"
"U11","1","MAX4466 (RIGHT)","","Excluded from BOM","","Vertex_Bot:MAX4466_HORIZONTAL","","(3 pins) https://www.aliexpress.com/item/1005012568399288.html","","$1.99"
"U12","1","ESP32-S3-CAM-B","","Excluded from BOM","","Vertex_Bot:CAM_B_BOARD_VERTICAL","~","(PCBWAY)","","$2.05 (5 for $11)"
"U13","1","ESP32-S3-CAM-A","","Excluded from BOM","","Vertex_Bot:CAM_A_BOARD_VERTICAL","~","(PCBWAY)","","$2.05"
"U14","1","MAX98357A","","Excluded from BOM","","Vertex_Bot:MAX98357","https://www.analog.com/media/en/technical-documentation/data-sheets/MAX98357A-MAX98357B.pdf","https://www.aliexpress.com/item/1005006096022361.html","","$3.04"
